nose_x,nose_y,leftEye_x,leftEye_y,rightEye_x,rightEye_y,leftEar_x,leftEar_y,rightEar_x,rightEar_y,leftShoulder_x,leftShoulder_y,rightShoulder_x,rightShoulder_y,leftElbow_x,leftElbow_y,rightElbow_x,rightElbow_y,leftWrist_x,leftWrist_y,rightWrist_x,rightWrist_y,leftHip_x,leftHip_y,rightHip_x,rightHip_y,leftKnee_x,leftKnee_y,rightKnee_x,rightKnee_y,leftAnkle_x,leftAnkle_y,rightAnkle_x,rightAnkle_y
167.8944958306347,63.723453653269814,168.74582557480568,58.190357602875814,165.58300275259066,58.94420755320582,173.95652019915798,63.049767592857634,166.13975090066384,64.79266725737473,175.30387917948508,78.06900550579202,161.48672153295013,81.43786200161637,177.4737896696891,112.55713364173627,160.95022883439927,113.43273294383086,169.103023548818,157.83953436489764,159.71931101744656,156.882192677465,175.77952646838568,149.76403071962554,165.98145479982995,146.95939162681842,164.13216862653817,189.4661107556573,164.85603609233317,190.2369532091864,167.092025835897,236.0759708799165,160.6843622237289,236.47098935883625
