Pose,nose_x,nose_y,leftEye_x,leftEye_y,rightEye_x,rightEye_y,leftEar_x,leftEar_y,rightEar_x,rightEar_y,leftShoulder_x,leftShoulder_y,rightShoulder_x,rightShoulder_y,leftElbow_x,leftElbow_y,rightElbow_x,rightElbow_y,leftWrist_x,leftWrist_y,rightWrist_x,rightWrist_y,leftHip_x,leftHip_y,rightHip_x,rightHip_y,leftKnee_x,leftKnee_y,rightKnee_x,rightKnee_y,leftAnkle_x,leftAnkle_y,rightAnkle_x,rightAnkle_y
Warrior1,286.92335706528786,146.13801315117675,302.0873960123023,134.182356205224,297.87847115291106,135.89119812264977,299.5800160768121,121.49121454642523,258.01841450924695,177.08679452476662,249.56816360663578,172.25762521577576,258.4338207957161,166.0044658233516,264.7027613216416,165.21673875230974,274.8818298593102,155.0234561144564,303.34760737122343,131.2166506818716,310.24296550829877,132.7711714748525,253.40229841683418,252.97547969580688,243.30523795606686,252.49539767063507,152.49735092226402,296.3755437447323,158.0037160533098,283.817528689056,146.1574665243695,387.9717435084933,141.38963311539646,389.0160524993517
